,title,descr
0,[Switch] Ring Fit Adventure - $124.95 @ Amazon AU,Ring Fit Adventure back in stock at Amazon. Will probably go quick. Credit to @nubix
1,TOMORROW [VIC] Free Boxes of Seafood to Hospitality Workers Who Have Lost Their Jobs Due to Covid-19 @ Clamms Seafood,An incredibly generous offers by one of Australia best known fishmongers PLEASE DON'T ABUSE THIS OFFER https://www.facebook.com/clammsseafoodyarraville Spotted on their FaceBook page Some …
2,[Android] Free - Deus Ex GO (Was $9.99) @ Google Play Store,"Greetings everyone, seems like great deal on this game from the Play Store :) Challenge all-new turn-based logic puzzles and solve a futuristic mystery in Deus Ex GO, the next tactical board …"
3,[iOS] Free - Deus Ex GO (Was $7.99) @ Apple App Store,"Another freebie from Square Enix. Note - has IAP. Challenge all-new turn-based logic puzzles and solve a futuristic mystery in Deus Ex GO, the next tactical board game from the makers of the …"
4,Sign up to eBay Plus ($49/Year) & Get a $50 eBay Digital Gift Card,It appears that this popular deal is back. Advert. FAQ: Who is eligible for this promotion? Customers who have an eBay account with a registration address in Australia and who have a relevant …
5,Free Registrations for Build 2020 (Normally $2395+) @Microsoft,"https://www.engadget.com/microsoft-build-2020-free-230841389... In addition to hosting its annual Build developer conference online, Microsoft now plans to make the event free to attend. On …"
6,TARGETED AmEx Offers Amazon Prime Get 20 / 10 Bonus Membership Rewards Points Per $1,"Save offer to eligible Card and receive 20 Bonus Membership Rewards Points for each $1 spent online or in-app on Amazon Prime membership by 31/07/2020, up to a maximum of 3,000 Bonus Points. Limited …"
7,nbn 12/1 Unlimited Broadband with Phone $49/Mth for Seniors 60 and over@ Aussie Broadband,If your family has a oldie over 60 or is 60 they can get unlimited NBN from $49 or $49. Plus if you have a coupon… = $39 for 1st 6 months. no contract too!
8,Ergobaby Adapt baby carrier $71.87 (+$9 Delivery) Baby Bunting,The Ergobaby Adapt baby carrier seems to be on a very good price online. These baby carriers can be used from birth onwards and adapts to your baby's size. Do note that in my research of the …
9,"[Android, iOS] Free - Timecap: Time & Habit Tracker Lifetime Premium (in-App, Was $29.99) @ Google Play & Apple App Store","Edit - RE concerns that Prime won't be synced between devices, below is advice from the developer on Reddit - Thanks! Data sync will be available in a month or so.! Data sync is something I …"
10,AMD Ryzen 5 3600 $279 + Shipping @ Shopping Express,Comes with 3 Months of Xbox Game Pass for PC. Looks like computer part prices are finally coming down - cheapest the 3600 has been in a while.
11,[PC] Metal Gear Solid V: The Phantom Pain $3.99 @ Humble Bundle,Absolute bargain of a price. New historical low from what I've seen. Can also pick up the definitive edition for $9.13 @ …
12,Free Knowledge Pack 20 Channels in May - Was $6 @ Fetch TV,"Free Knowledge Pack in May Explore all of the entertainment that the Fetch Knowledge Pack has to offer. Including the brand new New Animal Planet (CH 129) Channel, there are 20 channels for you to …"
13,AmEx Offers: 2 Bonus Rewards Points per $1 for Supermarket Payments and 10 Bonus Rewards Points per $1 for Food Delivery Service,2 Membership Rewards Bonus Points per $1 for Supermarket Payments Save offer to eligible Card and receive 2 Membership Rewards Bonus Points for each $1 spent at participating supermarkets by …
14,IN 7 DAYS [PC] Epic - FREE - Death Coming - Epic Store,The next freebie from the Epic Store. This time it is: Death Coming Steam page (for INFO only): https://store.steampowered.com/app/705120/Death_Coming/ From the website: 'Death Coming' …
15,Kogan SmarterHome Smart Plug with Energy Meter & 5V 2.4a USB Ports (4 Pack) $39.99 + Delivery @Kogan,Flash deal for 24 hours - reduced price to $39.99 (normal RRP $59.99) + Delivery Control your favourite household gadgets and monitor energy use with this innovative smart plug – even when …
16,Additional Mobile Data / $10 Plan +10GB / $20 Plan +20GB / $30 Plan +30GB / $40+ Plan Unlimited @ Amaysim (May 1 to June 30),"$40 plan looks a no brainer. Enjoy :) From tomorrow (May 1), all existing prepaid customers will receive the following additional data at no extra cost: $10 plan customers receive 10GB of …"
17,Free Diploma of Sustainability @ University of Tasmania Online (100% HECS Scholarship + SSAF Waived),"Similar to previous deals, and all students will receive a UTAS email address. Course details: The Diploma of Sustainable Living is completely online and contains 8 units: 2 x Core Units …"
